name,sku,description,category,brand,price,comparePrice,costPrice,stock,rating,soldCount,movement,caseSize,caseMaterial,strapMaterial,waterResistance,color,gender,productType,isFeatured,isLimitedEdition,status,imageUrl,sourceUrl,supplierName,notes
ChronoCraft Urban Steel Watch,CC-MEN-001,"A carefully selected men's timepiece featuring a premium stainless steel case and mesh-style band. The precise quartz movement and luminous Roman numeral dial ensure reliable timekeeping day and night. Rhinestone accents add a refined touch suitable for business meetings, evening events, and daily wear. Quality-checked for durability and elegance. An excellent birthday or holiday gift.",Men's Watches,ChronoCraft,349,449,98,50,4.7,200K+,Quartz,40mm,Stainless Steel,Stainless Steel,IPX7,Silver/Black,Male,Watch,True,False,Draft,REVIEW_REQUIRED,https://www.temu.com/mens-watches-o3-354.html,Temu / Generic OEM Supplier,#6 Best-Selling Men's Watch last 6 months on Temu Morocco. BANBONY brand. 200K+ sold. Top resale pick.
ChronoCraft Classic Roman Gold Watch,CC-MEN-002,"A carefully selected stainless steel men's watch with a classic Roman numeral dial and dual calendar display. The luminous hands ensure clear visibility in low light, while the elegant metallic strap gives it a premium business look. Suitable for offices, formal occasions, and everyday smart wear. Quality-checked for precision and style. Ideal as a gift for men.",Men's Watches,ChronoCraft,349,449,90,50,4.7,39K+,Quartz,41mm,Stainless Steel,Stainless Steel,3ATM,Gold/Black,Male,Watch,True,False,Draft,REVIEW_REQUIRED,https://www.temu.com/-top--men-s-wrist-watches-best-selling-fashion--high-quality-stainless-steel-dual-calendar-quartz-luxury-watch-for-men-g-601101132199569.html,Temu / Generic OEM Supplier,FOURRON brand. 39K+ sold. Real Temu product URL available.
ChronoCraft Prestige Executive Watch,CC-MEN-003,"A modern men's quartz watch with rhinestone-studded Roman numeral dial and polished stainless steel case. Combines elegant design with reliable timekeeping — perfect for the man who values refined style. Date calendar adds everyday practicality. Quality-checked and suitable for gifting during Eid, birthdays, or professional milestones.",Men's Watches,ChronoCraft,249,329,67,60,4.6,31K+,Quartz,40mm,Stainless Steel,Stainless Steel,3ATM,Silver/White,Male,Watch,True,False,Draft,REVIEW_REQUIRED,https://www.temu.com/mens-watches-o3-354.html,Temu / Generic OEM Supplier,SHAARMS brand. #7 Best-Selling 6 months. 31K+ sold. Very competitive cost price.
ChronoCraft Heritage Leather Watch,CC-MEN-004,"A retro-inspired men's quartz watch featuring a soft PU leather strap and a warm-toned round dial. The vintage business-casual style brings timeless sophistication to any outfit — from weekend outings to smart casual office looks. Lightweight and comfortable for all-day wear. A thoughtful Father's Day or birthday gift for men who appreciate classic style.",Men's Watches,ChronoCraft,229,299,58,60,4.4,48K+,Quartz,40mm,Alloy,PU Leather,3ATM,Brown/Black,Male,Watch,True,False,Draft,REVIEW_REQUIRED,https://www.temu.com/mens-watches-o3-354.html,Temu / Generic OEM Supplier,48K+ sold. Excellent price-to-value ratio. Broad appeal across ages.
ChronoCraft Navigator Digital Watch,CC-MEN-005,"A sleek casual digital watch with a clear calendar display and classic dial design. Combining digital practicality with a handsome business aesthetic, it transitions effortlessly from work to casual settings. Lightweight design ensures comfortable daily wear. A quality-checked timepiece ideal as an everyday gift for men, students, and professionals.",Men's Watches,ChronoCraft,199,269,50,70,4.6,22K+,Electronic/Quartz,39mm,Alloy,Stainless Steel,3ATM,Black/Silver,Male,Watch,False,False,Draft,REVIEW_REQUIRED,https://www.temu.com/mens-watches-o3-354.html,Temu / Generic OEM Supplier,#9 Best-Selling last 6 months. Very low cost allows high resale margin.
ChronoCraft Elite Dual Display Watch,CC-MEN-006,"A stylish men's watch featuring a dual analog-digital display with luminous hands, stopwatch, and chronograph functions. The robust design handles active lifestyles with ease — suited for work, sports, and social occasions. Precise quartz movement ensures accuracy. Quality-checked for durability. A versatile everyday watch at great value.",Men's Watches,ChronoCraft,249,329,69,50,4.6,7.4K+,Electronic/Quartz,44mm,Alloy,Silicone,3ATM,Black,Male,Watch,False,False,Draft,REVIEW_REQUIRED,https://www.temu.com/mens-watches-o3-354.html,Temu / Generic OEM Supplier,Good dual-display feature set. Suitable for broad Moroccan market.
ChronoCraft Commander Sport Watch,CC-MEN-007,"A rugged tactical sport watch built for active men. Features dual display, alarm, chronograph, stopwatch, auto-date, and luminous readout. The durable design withstands outdoor conditions while maintaining a bold street-ready aesthetic. Quality-checked for performance and longevity. Perfect for outdoor enthusiasts and sporty gift recipients.",Men's Watches,ChronoCraft,299,399,87,50,4.7,13K+,Electronic,48mm,ABS Plastic,Silicone,5ATM,White/Black,Male,Watch,True,False,Draft,REVIEW_REQUIRED,https://www.temu.com/mens-watches-o3-354.html,Temu / Generic OEM Supplier,13K+ sold. Tactical design popular with younger male demographic in Morocco.
ChronoCraft Pro Analog-Digital Watch,CC-MEN-008,"A carefully selected men's sport watch combining analog and digital displays in one bold design. Features a chronograph, alarm, and date display — ideal for the active man who needs precision. Secure silicone strap is comfortable for all-day wear. Quartz-powered for reliable accuracy. A quality-checked timepiece suited to both sport and casual occasions.",Men's Watches,ChronoCraft,299,399,83,50,4.7,24K+,Electronic/Quartz,46mm,ABS Plastic,Silicone,5ATM,Black/Red,Male,Watch,True,False,Draft,REVIEW_REQUIRED,https://www.temu.com/mens-watches-o3-354.html,Temu / Generic OEM Supplier,24K+ sold. Best-Selling in Men's Watches. Strong buy-intent product.
ChronoCraft Force Multifunctional Watch,CC-MEN-009,"A bold and feature-rich men's sport watch with large multifunctional dial, stopwatch, dual display, luminous hands, and durable silicone band. Offers all-day wearability for business casual and outdoor use. Quality-checked for water resistance and electronic reliability. A standout gift for active men who want style and performance.",Men's Watches,ChronoCraft,399,499,123,40,4.7,4.5K+,Electronic,50mm,ABS Plastic,Silicone,5ATM,Blue/White,Male,Watch,False,False,Draft,REVIEW_REQUIRED,https://www.temu.com/mens-watches-o3-354.html,Temu / Generic OEM Supplier,SMAEL brand product. Strong sport design. Limited units check advised.
ChronoCraft Mesh Quartz Watch,CC-MEN-010,"A refined men's quartz watch featuring a fine stainless steel mesh band and clean modern dial. The elegant minimalist design fits seamlessly into business or casual environments. Precise quartz movement and adjustable mesh strap make it a quality everyday companion. Ideal for professionals and as a thoughtful gift.",Men's Watches,ChronoCraft,299,399,80,50,4.6,15K+,Quartz,40mm,Stainless Steel,Stainless Steel Mesh,3ATM,Silver/Black,Male,Watch,False,False,Draft,REVIEW_REQUIRED,https://www.temu.com/fashion-mens-watch-stainless-steel-mesh-strap-watch-mens-quartz-watch-high-quality-watch-g-601099517102803.html,Temu / Generic OEM Supplier,Real Temu product URL available. Popular mesh strap style. 15K+ sold.
ChronoCraft Classic Luminous Watch,CC-MEN-011,"A waterproof men's quartz watch with luminous hands, date display, and a classic stainless steel case. The blue and rose gold accent dial lends a modern premium look. Tested for water resistance and suitable for everyday activities. Quality-checked for durability and precision. A smart choice for gifting and daily business wear.",Men's Watches,ChronoCraft,349,449,90,50,4.6,20K+,Quartz,41mm,Stainless Steel,Stainless Steel,3ATM,Blue/Rose Gold,Male,Watch,True,False,Draft,REVIEW_REQUIRED,https://www.temu.com/mu/-waterproof-luminous-date-stainless-steel-classic-mens-quartz-watch-g-601099530514418.html,Temu / Generic OEM Supplier,Real Temu URL available. 20K+ sold. Dual color appeal for gifting.
ChronoCraft Minimalist Business Watch,CC-MEN-012,"A sleek minimalist men's quartz watch with stainless steel case, double calendar, and a clean dial design. The slim profile is perfect for business casual and formal settings. Lightweight and comfortable for daily wear. Quality-checked for precise timekeeping. A stylish understated accessory that complements any wardrobe.",Men's Watches,ChronoCraft,299,399,85,50,4.6,18K+,Quartz,40mm,Stainless Steel,Stainless Steel,3ATM,Silver/White,Male,Watch,False,False,Draft,REVIEW_REQUIRED,https://www.temu.com/-fashion-solid-stainless-steel--mens-business-casual-quartz-watch-thin-double-calendar-mens-watch-g-601099558532753.html,Temu / Generic OEM Supplier,Real Temu URL available. Double calendar feature adds value.
ChronoCraft Elegant Heart Gift Set,CC-WOM-001,"A beautifully elegant women's quartz watch bundled with a heart-shaped jewelry set — perfect for gifting on Eid, birthdays, or Valentine's Day. The round alloy case with a simple refined dial pairs effortlessly with the matching accessories. Carefully selected for its modern feminine design and comfortable everyday fit. A quality-checked set at outstanding value.",Women's Watches,ChronoCraft,199,279,48,70,4.5,81K+,Quartz,30mm,Alloy,Alloy/Metal,Not Rated,Silver/Pink,Female,Watch Set,True,False,Draft,REVIEW_REQUIRED,https://www.temu.com/womens-watches-o3-729.html,Temu / Generic OEM Supplier,Best-Selling Women's Watch 6 months. 81K+ sold. Exceptional margin opportunity.
ChronoCraft Blue Romance Watch Set,CC-WOM-002,"A charming women's quartz watch in sky blue with Roman numeral detailing, accompanied by five coordinating heart accessories. The faux leather strap and elegant round case give it a romantic feminine appeal. Carefully selected for its gift-ready presentation and modern style. Ideal for Ramadan gifting, celebrations, or treating a loved one.",Women's Watches,ChronoCraft,219,299,53,70,4.5,100K+,Quartz,30mm,Alloy,Faux Leather,Not Rated,Sky Blue,Female,Watch Set,True,False,Draft,REVIEW_REQUIRED,https://www.temu.com/womens-watches-o3-729.html,Temu / Generic OEM Supplier,#6 Best-Selling Women's Watch. 100K+ sold. Top resale pick.
ChronoCraft Minimalist Bracelet Watch,CC-WOM-003,"A modern minimalist women's watch with a clean square dial and soft silicone band, paired with a delicate heart link bracelet. The subtle and versatile design suits both office wear and casual outings. Quality-checked for precision. A beautiful two-piece set offering elegant style at everyday value. Perfect for Eid and birthday gifting.",Women's Watches,ChronoCraft,199,259,42,70,4.6,31K+,Quartz,28mm,Alloy,Silicone,Not Rated,Black/Gold,Female,Watch Set,True,False,Draft,REVIEW_REQUIRED,https://www.temu.com/womens-watches-o3-729.html,Temu / Generic OEM Supplier,#8 Best-Selling Women's. 31K+ sold. Very low cost for great margin.
ChronoCraft Preppy Sparkle Watch Set,CC-WOM-004,"An elegant preppy-style women's quartz watch paired with a sparkling versatile bracelet. The combination of refined design and shimmer detail makes it a stylish accessory for school, work, and social occasions. Carefully selected for its attractive presentation. A quality gift set for graduations, birthdays, and festive celebrations.",Women's Watches,ChronoCraft,199,279,51,60,4.7,19K+,Quartz,30mm,Alloy,Alloy/Metal,Not Rated,Silver/White,Female,Watch Set,True,False,Draft,REVIEW_REQUIRED,https://www.temu.com/womens-watches-o3-729.html,Temu / Generic OEM Supplier,4.7 stars with 19K+ sold. Popular preppy style well-suited for Moroccan gifting culture.
ChronoCraft Casual Chic Watch,CC-WOM-005,"A versatile and easy-to-wear women's quartz watch with a refined round case and clean dial. The timeless casual-elegant design makes it suitable for daily wear, work, and social occasions. Lightweight and comfortable, quality-checked for long-lasting performance. A thoughtful and affordable gift for women of all ages.",Women's Watches,ChronoCraft,199,269,49,60,4.7,8.6K+,Quartz,30mm,Alloy,Alloy/Metal,Not Rated,Rose Gold/White,Female,Watch,False,False,Draft,REVIEW_REQUIRED,https://www.temu.com/womens-watches-o3-729.html,Temu / Generic OEM Supplier,High 4.7 rating. Low cost. Strong everyday women's watch option.
ChronoCraft Crystal Glamour Set,CC-WOM-006,"A glamorous women's quartz watch and jewelry set featuring a sparkling rhinestone-studded square dial. Six pieces of coordinated accessories complete the luxurious presentation. Carefully selected for its premium visual appeal. An ideal Eid, Valentine's Day, or birthday gift for the woman who loves to shine.",Women's Watches,ChronoCraft,229,299,60,60,4.5,32K+,Quartz,28mm,Alloy,Alloy/Metal,Not Rated,Gold/Crystal,Female,Watch Set,True,False,Draft,REVIEW_REQUIRED,https://www.temu.com/womens-watches-o3-729.html,Temu / Generic OEM Supplier,32K+ sold. Crystal rhinestone design very popular in Moroccan gift market.
ChronoCraft Luxury Jewelry Watch Set,CC-WOM-007,"A complete women's fashion timepiece bundled with a full jewelry set — necklace, earrings, ring, and bracelet — in a coordinated style. This six-piece gift set is perfect for parties, Valentine's Day, Ramadan, and holiday gifting. Carefully selected for quality presentation and modern aesthetic. A stunning all-in-one gift solution.",Women's Watches,ChronoCraft,249,329,66,50,4.4,11K+,Quartz,30mm,Alloy,Alloy/Metal,Not Rated,Gold/White,Female,Watch Set,False,False,Draft,REVIEW_REQUIRED,https://www.temu.com/womens-watches-o3-729.html,Temu / Generic OEM Supplier,SHAARMS brand. 6-piece set with high gift appeal. Review product photos carefully.
ChronoCraft Silhouette Tonneau Watch,CC-WOM-008,"A sleek unisex tonneau-shaped quartz watch with a silvery alloy case and black silicone band. The unique barrel shape offers a contemporary alternative to classic round designs. Suitable for casual wear, sports, and travel. Quality-checked for precision and comfort. A modern statement watch for fashion-forward women.",Women's Watches,ChronoCraft,219,289,55,40,4.4,1K+,Quartz,35mm,Alloy,Silicone,Not Rated,Silver/Black,Unisex,Watch,False,False,Draft,REVIEW_REQUIRED,https://www.temu.com/womens-watches-o3-729.html,Temu / Generic OEM Supplier,New Arrival. Unique barrel shape differentiates in your catalog.
ChronoCraft Active Pro Smartwatch,CC-SMT-001,"A powerful smartwatch compatible with iPhone and Android, featuring wireless calling, SMS notifications, sports pedometer, fitness tracking, and multiple sport modes. The 4.65cm full touch screen delivers a crisp display for all-day interaction. USB charging and breathable silicone strap ensure comfort. Quality-checked for reliable daily performance.",Smart Watches,ChronoCraft,349,449,107,50,4.5,750K+,Smart/Electronic,44mm,ABS Plastic,Silicone,IP67,Black,Unisex,Smartwatch,True,False,Draft,REVIEW_REQUIRED,https://www.temu.com/smart-watch-5020015027098-s.html,Temu / Generic OEM Supplier,DESERTCAT brand. Best-Selling Smartwatch 750K+ sold. TOP RESALE PICK. Verify no Apple Watch branding.
ChronoCraft Connect Sport Smartwatch,CC-SMT-002,"The #1 best-selling sport smartwatch with ultra-thin borderless full-touch display, wireless calling, camera control, and seamless iPhone/Android connectivity. Designed for those who want a stylish and functional wrist companion for fitness, work, and daily life. USB charging included. Quality-checked for performance and comfort.",Smart Watches,ChronoCraft,349,449,108,50,4.6,300K+,Smart/Electronic,46mm,ABS Plastic/Metal Frame,Silicone,IP67,Silver/Black,Unisex,Smartwatch,True,False,Draft,REVIEW_REQUIRED,https://www.temu.com/smart-watch-5020015027098-s.html,Temu / Generic OEM Supplier,#1 Best-Selling Sports Electronics. 300K+ sold. Ultra-thin design. Confirm no Apple Watch logo.
ChronoCraft ProMax Smart Watch,CC-SMT-003,"A premium smartwatch with metal body, hundreds of customizable watch faces, wireless calling, SMS alerts, and multiple sport modes. Compatible with iPhone and Android. USB magnetic charging for convenience. Crafted with a refined aesthetic that suits both active lifestyles and professional settings. Quality-checked for reliable performance.",Smart Watches,ChronoCraft,429,549,130,40,4.4,55K+,Smart/Electronic,46mm,Metal/Alloy,Silicone,IP67,Black/Silver,Unisex,Smartwatch,True,False,Draft,REVIEW_REQUIRED,https://www.temu.com/smart-watch-5020015027098-s.html,Temu / Generic OEM Supplier,ERUN P15 PRO. #1 Best-Seller Smartwatch. Metal body premium appeal. Verify photos for branding.
ChronoCraft Trek LED Smartwatch,CC-SMT-004,"A rugged yet stylish smartwatch with built-in LED flashlight, IP67 waterproofing, 100+ sport modes, and smart pedometer. Compatible with iPhone and Android via USB charging. TFT display and breathable strap make it ideal for outdoor adventures and daily fitness. Quality-checked for durability. A practical and fashionable gift.",Smart Watches,ChronoCraft,429,549,128,40,4.5,46K+,Smart/Electronic,46mm,ABS Plastic,Silicone,IP67,Black,Unisex,Smartwatch,True,False,Draft,REVIEW_REQUIRED,https://www.temu.com/smart-watch-5020015027098-s.html,Temu / Generic OEM Supplier,GWENLAND brand. 46K+ sold. Best-Seller. LED flashlight feature adds value.
ChronoCraft Fit Slim Smartwatch,CC-SMT-005,"A slim and stylish smartwatch with wireless calling, SMS notification, remote camera control, and multiple sport modes. Designed for modern men and women who want smart connectivity in a sleek package. Compatible with iPhone and Android. Breathable silicone strap and USB charging included. Quality-checked for comfortable daily wear.",Smart Watches,ChronoCraft,249,329,74,50,4.6,29K+,Smart/Electronic,44mm,ABS Plastic,Silicone,IP67,Black,Unisex,Smartwatch,True,False,Draft,REVIEW_REQUIRED,https://www.temu.com/smart-watch-5020015027098-s.html,Temu / Generic OEM Supplier,ERUN brand. Best-Selling. 29K+ sold. Low cost allows excellent resale margin.
ChronoCraft 2026 Pro Smartwatch,CC-SMT-006,"A 2026 flagship smartwatch featuring HD display, wireless calling, SMS alerts, multiple sport modes, and multi-language support. Compatible with iPhone and Android. Suitable for business and casual use alike. USB charging and adjustable silicone strap ensure daily convenience. Quality-checked for modern performance. An excellent tech gift.",Smart Watches,ChronoCraft,429,549,130,40,4.5,32K+,Smart/Electronic,46mm,ABS Plastic,Silicone,IP67,Black/Silver,Unisex,Smartwatch,False,False,Draft,REVIEW_REQUIRED,https://www.temu.com/smart-watch-5020015027098-s.html,Temu / Generic OEM Supplier,ERUN brand. #4 Best-Selling Smartwatch. 32K+ sold.
ChronoCraft Pulse Sport Smartwatch,CC-SMT-007,"A multifunctional 2026 smartwatch with full-touch display, wireless calling, message alerts, multiple sport modes, and fitness tracking. The gender-neutral design and breathable silicone strap make it comfortable for all-day wear. Compatible with iPhone and Android. Quality-checked for performance and reliability. An ideal tech gift.",Smart Watches,ChronoCraft,299,399,86,50,4.6,12K+,Smart/Electronic,44mm,ABS Plastic,Silicone,IP67,Black,Unisex,Smartwatch,False,False,Draft,REVIEW_REQUIRED,https://www.temu.com/smart-watch-make-answer-call-1-85inch-full-touch-bt-calling-smartwatch-waterproof-fitness-tracker-watch-for-android-ios-phones-with-24-hour-heart-rate-100-sport-modes-body-temperature-blood-oxygen-sos-ai-voice-control-g-601099513093837.html,Temu / Generic OEM Supplier,Real Temu product URL available. Feature-rich at competitive price.
ChronoCraft Rugged Pro Smartwatch,CC-SMT-008,"A premium outdoor smartwatch with built-in LED flashlight, wireless calling, smart pedometer, and 100+ sport modes. Designed for outdoor enthusiasts who need both connectivity and rugged performance. Long battery life and durable construction make it a reliable companion. Quality-checked. An impressive tech gift for active men.",Smart Watches,ChronoCraft,799,999,334,30,4.7,200K+,Smart/Electronic,47mm,Metal/ABS,Silicone,IP68,Black,Male,Smartwatch,True,True,Draft,REVIEW_REQUIRED,https://www.temu.com/smart-watch-5020015027098-s.html,Temu / Generic OEM Supplier,JELLOO brand. Best-Selling 200K+. High cost — verify current Temu pricing before ordering. Premium tier.
ChronoCraft Ultra Rugged Smartwatch,CC-SMT-009,"A tough and capable outdoor smartwatch supporting wireless calling, AI voice control, 100+ sport modes, and LED flashlight. Large 350mAh battery for extended wear. IP68 water resistant for all-weather reliability. Quality-checked for rugged daily use. Perfect for hiking, travel, and adventure lovers.",Smart Watches,ChronoCraft,699,849,271,30,4.7,200K+,Smart/Electronic,47mm,Metal/ABS,Silicone,IP68,Black/Orange,Male,Smartwatch,True,False,Draft,REVIEW_REQUIRED,https://www.temu.com/smart-watch-5020015027098-s.html,Temu / Generic OEM Supplier,DAORKOW brand. 200K+ sold. 4.7 stars with 20K+ reviews. Strong premium smartwatch pick.
ChronoCraft Voice Fit Smartwatch,CC-SMT-010,"A sleek 1.83-inch full-touch smartwatch with wireless calling, voice assistant, remote photography, multiple sport modes, and pedometer. Calorie tracking and alarm complete its fitness feature set. Compatible with iPhone and Android. Quality-checked for reliable everyday performance. An ideal first smartwatch or tech gift.",Smart Watches,ChronoCraft,299,399,84,50,4.7,31K+,Smart/Electronic,44mm,ABS Plastic,Silicone,IP67,Black,Unisex,Smartwatch,True,False,Draft,REVIEW_REQUIRED,https://www.temu.com/smart-watch-5020015027098-s.html,Temu / Generic OEM Supplier,Best-Selling. 31K+ sold. 4.7 stars. Voice assistant is a strong selling point.
ChronoCraft 2-in-1 Audio Smartwatch,CC-SMT-011,"An innovative 2-in-1 smartwatch with built-in TWS wireless earphones. Features 2.01-inch HD display, wireless charging, multiple sport modes, weather display, and music control — all in one elegant wrist device. Quality-checked for audio quality and smart performance. A unique and impressive gift that combines two devices in one package.",Smart Watches,ChronoCraft,799,999,350,25,4.6,22K+,Smart/Electronic,48mm,Metal/ABS,Silicone,IP67,Black/Silver,Unisex,Smartwatch,True,True,Draft,REVIEW_REQUIRED,https://www.temu.com/smart-watch-5020015027098-s.html,Temu / Generic OEM Supplier,Unique 2-in-1 earphones+watch combo. Strong differentiation. 22K+ sold. Review photos for branding.
ChronoCraft Active IP68 Smartwatch,CC-SMT-012,"A reliable IP68 waterproof smartwatch with wireless calling, 100+ sport modes, music control, remote camera, alarm, and message notifications. Compatible with iPhone and Android. Durable and lightweight design ensures all-day comfort at work, gym, or outdoors. Quality-checked for water resistance and electronic performance.",Smart Watches,ChronoCraft,349,449,110,50,4.6,26K+,Smart/Electronic,44mm,ABS Plastic,Silicone,IP68,Black,Unisex,Smartwatch,True,False,Draft,REVIEW_REQUIRED,https://www.temu.com/smart-watch-men-women-fitness-tracker-with-heart-rate-monitor-step-tracker-ip68-waterproof-pedometer-24-sports-modes-smart-watch-for-android-ios-phone-g-601099512468784.html,Temu / Generic OEM Supplier,Real Temu URL available. LAXASFIT brand. IP68 waterproof strong selling point for Morocco.
ChronoCraft Storm Sport Watch,CC-SPT-001,"A powerful men's sport watch with LED digital display, 5ATM water resistance, and multifunctional outdoor features including stopwatch, calendar, and alarm. The bold design and durable silicone strap handle any activity — from gym sessions to mountain hikes. Quality-checked for electronic reliability. An ideal holiday gift for sport-loving men.",Sport Watches,ChronoCraft,399,499,123,40,4.8,19K+,Electronic,50mm,ABS Plastic,Silicone,5ATM,White/Blue,Male,Watch,True,False,Draft,REVIEW_REQUIRED,https://www.temu.com/mens-watches-o3-354.html,Temu / Generic OEM Supplier,SANDA brand. 4.8 stars. 19K+ sold. Top-rated sport watch.
ChronoCraft Titan Sport Watch,CC-SPT-002,"A bold multifunctional men's sport watch with large dial, luminous display, and advanced electronics for outdoor lifestyles. Built to handle active daily wear with stopwatch, dual time, alarm, and calendar. The rugged design and premium build quality make it a statement piece for sport and adventure. Quality-checked and gift-ready.",Sport Watches,ChronoCraft,529,649,162,35,4.8,14K+,Electronic,52mm,ABS Plastic,Silicone,5ATM,Black/Red,Male,Watch,True,False,Draft,REVIEW_REQUIRED,https://www.temu.com/mens-watches-o3-354.html,Temu / Generic OEM Supplier,SANDA brand. 4.8 stars. Strong sport watch with premium feel. 14K+ sold.
ChronoCraft Explorer Sport Watch,CC-SPT-003,"A serious outdoor sport watch featuring built-in pedometer, compass, metronome, and alarm clock. The nylon strap provides breathability during extended outdoor activities. Designed for men who demand function alongside style. Quality-checked for electronic accuracy. A standout gift for hikers, runners, and outdoor enthusiasts.",Sport Watches,ChronoCraft,549,699,175,30,4.6,1.5K+,Electronic,50mm,ABS Plastic,Nylon,5ATM,Black/Green,Male,Watch,False,False,Draft,REVIEW_REQUIRED,https://www.temu.com/mens-watches-o3-354.html,Temu / Generic OEM Supplier,OFNS/SANDA brand. Compass feature differentiates product. Good for niche active buyers.
ChronoCraft Apex Chronograph Watch,CC-SPT-004,"A stylish men's outdoor chronograph watch with large LED luminous dial, calendar, week display, and precise quartz movement. The bold design bridges casual sportswear and smart casual outfits. With over 68K units sold, this is a proven bestseller with broad market appeal. Quality-checked for durability. A great everyday sport watch.",Sport Watches,ChronoCraft,279,369,81,60,4.7,68K+,Electronic/Quartz,48mm,ABS Plastic,Silicone,5ATM,Black,Male,Watch,True,False,Draft,REVIEW_REQUIRED,https://www.temu.com/-mens-fashion-sports-large-dial-stainless-steel-strap-quartz-watch-suitable-for-wearing-in--occasions-g-601100635958282.html,Temu / Generic OEM Supplier,Best-Selling last 6 months. 68K+ sold. Real Temu URL available. Strongest sport watch pick.
ChronoCraft Endurance Sport Watch,CC-SPT-005,"A dual-display multifunctional sport watch with bold large dial, backlight, stopwatch, and chronograph. Suitable for men and women seeking active performance and everyday style. Quality-checked for precision and durability. The vibrant design stands out on the wrist — a great gift for sport enthusiasts.",Sport Watches,ChronoCraft,449,579,140,40,4.4,8.5K+,Electronic,48mm,ABS Plastic,Silicone,5ATM,Black/White,Unisex,Watch,False,False,Draft,REVIEW_REQUIRED,https://www.temu.com/smart-watch-5020015027098-s.html,Temu / Generic OEM Supplier,Dual display sport. 8.5K+ sold. Good mid-range sport watch option.
ChronoCraft Royal Diver Watch,CC-LUX-001,"A premium luxury-style men's dive watch with 43mm stainless steel case, 30M water resistance, analog quartz chronograph, and sleek sporty aesthetic. Designed for young men who appreciate high-end looks without the luxury price tag. Quality-checked for water resistance and precision. An impressive gift that looks and feels expensive.",Luxury Style Watches,ChronoCraft,699,849,239,30,4.7,14K+,Quartz Chronograph,43mm,Stainless Steel,Stainless Steel,3ATM/30M,Black/Silver,Male,Watch,True,False,Draft,REVIEW_REQUIRED,https://www.temu.com/mens-stainless-steel-wrist-watch-date-quartz-watch-g-601099512084234.html,Temu / Generic OEM Supplier,14K+ sold. Luxury dive-style with real SS case. Verify no brand logos. Strong premium product.
ChronoCraft Prestige Gold Watch,CC-LUX-002,"A luxurious men's stainless steel quartz watch with waterproof design, sport-casual styling, and premium metallic finish. The bold and confident look suits formal dinners, business events, and weekend wear. Quality-checked for water resistance and precision movement. A statement watch for men who value style and value.",Luxury Style Watches,ChronoCraft,449,579,130,40,4.7,10K+,Quartz,42mm,Stainless Steel,Stainless Steel,3ATM,Gold/Black,Male,Watch,True,False,Draft,REVIEW_REQUIRED,https://www.temu.com/-top-brand-mens-watches-luxury-stainless-steel-quartz-watch-sports-waterproof-male-clock-g-601099531448804.html,Temu / Generic OEM Supplier,Real Temu URL available. Luxury SS quartz. Verify no brand counterfeiting in product images.
ChronoCraft Elegant Rose Gold Watch,CC-LUX-003,"A sophisticated women's luxury quartz watch with rose gold stainless steel case, date calendar, and water resistance. The premium metallic design exudes femininity and refinement — perfect for formal occasions, celebrations, and gifting. Quality-checked for precision movement and lasting finish. A beautiful luxury-feel accessory at an accessible price.",Luxury Style Watches,ChronoCraft,349,449,90,40,4.6,8K+,Quartz,34mm,Stainless Steel,Stainless Steel,3ATM,Rose Gold/White,Female,Watch,True,False,Draft,REVIEW_REQUIRED,https://www.temu.com/womens-watches-o3-729.html,Temu / Generic OEM Supplier,Rose gold luxury style. Strong appeal for Moroccan women's gift market. Verify product photos.
ChronoCraft Duo Royal Watch Set,CC-CLP-001,"A premium matching couple's watch set featuring two stainless steel quartz timepieces with rhinestone details, luminous display, IPX7 water resistance, and week/date calendar. An ideal romantic gift for anniversaries, Valentine's Day, Eid, or weddings. Both pieces quality-checked for precision and comfort. A stylish symbol of shared moments.",Couple Watches,ChronoCraft,599,749,182,35,4.8,6.7K+,Quartz,40mm / 34mm,Stainless Steel,Stainless Steel,IPX7,Silver/Gold,Unisex,Couple Watch Set,True,False,Draft,REVIEW_REQUIRED,https://www.temu.com/couple-watches-5020250879819-s.html,Temu / Generic OEM Supplier,BANBONY brand. 4.8 stars. 6.7K+ sold. IPX7 water resistance a key selling point.
ChronoCraft Couple Fusion Watch Set,CC-CLP-002,"A fun and vibrant couple's set featuring two silicone digital watches plus two heart-shaped bracelets. The classic digital dial design is easy to read and durable for daily wear. Perfect for young couples, best friends, or school gifts. Quality-checked for comfort and precision. A playful and affordable celebration gift.",Couple Watches,ChronoCraft,279,369,78,50,4.8,8.4K+,Electronic,38mm,Alloy,Silicone,Not Rated,Black/White,Unisex,Couple Watch Set,True,False,Draft,REVIEW_REQUIRED,https://www.temu.com/couple-watches-5020250879819-s.html,Temu / Generic OEM Supplier,4.8 stars 8.4K+ sold. Bracelet bonus adds perceived value. Great youth market product.
ChronoCraft Duo Business Watch Set,CC-CLP-003,"An elegant couple's watch set featuring two classic square-dial stainless steel quartz timepieces. The sophisticated design brings a premium business feel to a matching gift set. Quality-checked for precision, scratch resistance, and comfortable wear. Perfect for celebrating anniversaries, engagements, and milestone moments together.",Couple Watches,ChronoCraft,479,599,148,35,4.8,12K+,Quartz,38mm / 32mm,Stainless Steel,Stainless Steel,3ATM,Silver/Gold,Unisex,Couple Watch Set,True,False,Draft,REVIEW_REQUIRED,https://www.temu.com/couple-watches-5020250879819-s.html,Temu / Generic OEM Supplier,LIEBIG brand. 4.8 stars. 12K+ sold. Square case design trending. Strong resale pick.
ChronoCraft Classic Duo Watch Set,CC-CLP-004,"A timeless matching couple's watch set with premium temperament design and elegant quartz movement. Two refined timepieces that pair beautifully for anniversaries, Valentine's Day, or daily couple's wear. Quality-checked for precision and comfort. Each piece carries a clean versatile design suitable for formal and casual occasions.",Couple Watches,ChronoCraft,349,449,110,45,4.7,13K+,Quartz,40mm / 32mm,Alloy,Alloy/Metal,Not Rated,Silver,Unisex,Couple Watch Set,True,False,Draft,REVIEW_REQUIRED,https://www.temu.com/couple-watches-5020250879819-s.html,Temu / Generic OEM Supplier,4.7 stars 13K+ sold. Strong couple gift appeal.
ChronoCraft Match Watch Set,CC-CLP-005,"A simple and stylish unisex couple's watch set — two high-quality quartz watches with matching dial designs. The understated elegance makes these an ideal everyday couple's accessory. Quality-checked for precision timekeeping. Suitable for gifting to partners, friends, or family. A thoughtful choice for any celebration.",Couple Watches,ChronoCraft,349,449,103,50,4.5,26K+,Quartz,40mm / 34mm,Alloy,Alloy/Metal,Not Rated,Gold/Silver,Unisex,Couple Watch Set,True,False,Draft,REVIEW_REQUIRED,https://www.temu.com/couple-watches-5020250879819-s.html,Temu / Generic OEM Supplier,SHAARMS brand. Best-Selling. 26K+ sold. Broad gifting appeal.
ChronoCraft Duo Sport Watch Set,CC-CLP-006,"A matching couple's set of four pieces — two quartz watches and two heart bracelets — in a casual-sporty design. Comfortable silicone band watches are fun and perfect for young couples. Quality-checked for durability and reliable quartz movement. An affordable and cheerful gift for birthdays, school occasions, and celebrations.",Couple Watches,ChronoCraft,279,369,80,50,4.4,5.9K+,Quartz,36mm,Alloy,Silicone,Not Rated,Black/Pink,Unisex,Couple Watch Set,False,False,Draft,REVIEW_REQUIRED,https://www.temu.com/couple-watches-5020250879819-s.html,Temu / Generic OEM Supplier,5.9K+ sold. Entry-level couple gift product.
ChronoCraft Harmony Watch Set,CC-CLP-007,"A fashionable couple's quartz watch set with exquisite mathematical scale round dial in two complementary color options. The alloy strap and elegant dial offer a refined look suitable for casual dates and everyday wear. Quality-checked for precision. A perfect gift for couples celebrating birthdays, holidays, and special milestones.",Couple Watches,ChronoCraft,299,399,83,40,4.5,1.6K+,Quartz,38mm / 32mm,Alloy,Alloy/Metal,Not Rated,Silver/Gold,Unisex,Couple Watch Set,False,False,Draft,REVIEW_REQUIRED,https://www.temu.com/couple-watches-5020250879819-s.html,Temu / Generic OEM Supplier,Unique mathematical scale dial. Good design differentiation.
ChronoCraft Unity Watch Set,CC-CLP-008,"A clean and modern matching couple's watch set with round numerical scale dials and steel strap construction. The minimalist design works for both formal and casual occasions. Includes gift box. Quality-checked for precision quartz movement. A meaningful and stylish gift that is packaged for any occasion.",Couple Watches,ChronoCraft,229,299,59,50,4.5,4.4K+,Quartz,40mm / 32mm,Alloy,Stainless Steel,Not Rated,Silver,Unisex,Couple Watch Set,False,False,Draft,REVIEW_REQUIRED,https://www.temu.com/couple-watches-5020250879819-s.html,Temu / Generic OEM Supplier,4.4K+ sold. Includes gift box — good gift presentation. Low cost excellent margin.
ChronoCraft Love Story Watch Set,CC-GFT-001,"A romantic women's fashion watch bundled with a shiny LOVE bracelet — an elegant two-piece gift set for Valentine's Day, Ramadan, or birthdays. The stainless steel case and zinc alloy bracelet pair beautifully. Quality-checked for accurate quartz movement and stylish finish. A heartfelt and affordable way to celebrate a special someone.",Watch Gift Sets,ChronoCraft,199,279,36,70,4.4,34K+,Quartz,30mm,Stainless Steel,Stainless Steel,Not Rated,Rose Gold,Female,Watch Gift Set,True,False,Draft,REVIEW_REQUIRED,https://www.temu.com/womens-watches-o3-729.html,Temu / Generic OEM Supplier,SHAARMS brand. Best-Selling. 34K+ sold. Exceptional cost-to-price margin. Top gift pick.
ChronoCraft Blue Moon Luxury Watch Set,CC-GFT-002,"A luxurious couple's watch set featuring two quartz timepieces with deep blue dial, two-tone gold/silver stainless steel strap, rhinestone Roman numeral dial, and luminous display. IPX7 water-resistant. A breathtaking gift for anniversaries, engagements, and unforgettable occasions. Presented as a complete premium gift set.",Watch Gift Sets,ChronoCraft,749,899,249,25,4.8,1K+,Quartz,40mm / 34mm,Stainless Steel,Stainless Steel,IPX7,Blue/Gold,Unisex,Watch Gift Set,True,True,Draft,REVIEW_REQUIRED,https://www.temu.com/couple-watches-5020250879819-s.html,Temu / Generic OEM Supplier,BANBONY brand. 4.8 stars. Premium looking gift set. Luxury feel at accessible price.
ChronoCraft Diamond Night Watch Set,CC-GFT-003,"A dazzling couple's watch set featuring two rhinestone-adorned quartz timepieces with luminous HD display and week/date calendar. The sparkling design creates a premium presentation — ideal as a gift for weddings, anniversaries, and festive celebrations. Both watches quality-checked for water resistance and lasting precision.",Watch Gift Sets,ChronoCraft,549,699,170,35,4.8,3.1K+,Quartz,40mm / 34mm,Alloy,Alloy/Metal,IPX7,Silver/Crystal,Unisex,Watch Gift Set,True,False,Draft,REVIEW_REQUIRED,https://www.temu.com/couple-watches-5020250879819-s.html,Temu / Generic OEM Supplier,4.8 stars 3.1K+ sold. Rhinestone detailing popular for Moroccan celebrations.
ChronoCraft Collection Watch Gift Box,CC-GFT-004,"A stunning variety gift box containing 12 fashion quartz watches in assorted styles, colors, and designs. A perfect display set for gifting parties, wholesale presentations, or multi-recipient celebrations. Each watch features a zinc alloy case and PU leather strap. Quality-checked for consistent movement. A unique and impressive gift collection.",Watch Gift Sets,ChronoCraft,629,799,203,20,4.7,7K+,Quartz,Assorted,Zinc Alloy,PU Leather,Not Rated,Assorted,Unisex,Watch Gift Set,False,False,Draft,REVIEW_REQUIRED,https://www.temu.com/couple-watches-5020250879819-s.html,Temu / Generic OEM Supplier,12-piece assorted set. 4.7 stars 7K+ sold. Unique multi-watch gift proposition.
ChronoCraft Prestige Duo Gift Set,CC-GFT-005,"A refined two-piece luxury men's and women's quartz watch gift set with modern round alloy case and matching design. Presented in an elegant gift format. Quality-checked for consistent quartz precision. An elegant and thoughtful gift for occasions such as Eid, weddings, graduation, and birthdays.",Watch Gift Sets,ChronoCraft,299,399,82,40,4.7,3.3K+,Quartz,38mm / 32mm,Alloy,Alloy/Metal,Not Rated,Gold/Silver,Unisex,Watch Gift Set,False,False,Draft,REVIEW_REQUIRED,https://www.temu.com/couple-watches-5020250879819-s.html,Temu / Generic OEM Supplier,SHAARMS brand. 3.3K+ sold. Good cultural fit for Moroccan gift occasions.
ChronoCraft 5-Slot Travel Watch Case,CC-ACC-001,"A premium 5-compartment watch travel case with soft cushioned dividers, flip-top lid, and carry handle. Scratch-proof lining protects your watches during travel and home storage. Suitable for men's and women's watches of various sizes. Quality-checked for durable construction. A practical and thoughtful gift for watch enthusiasts.",Watch Accessories,ChronoCraft,299,399,103,50,4.8,58K+,N/A,N/A,Hard Shell Plastic,N/A,N/A,Black,Unisex,Watch Accessory,True,False,Draft,REVIEW_REQUIRED,https://www.temu.com/watch-accessories-5020057090386-s.html,Temu / Generic OEM Supplier,#2 Best-Selling Watch Accessories. 58K+ sold. 4.8 stars. Strong add-on product.
ChronoCraft 5-Grid Watch Storage Box,CC-ACC-002,"A durable hard-shell 5-slot watch storage box with soft foam padding and carry handle. Designed for organized watch storage at home or during travel. Scratch-resistant lid and structured compartments keep timepieces safe. Quality-checked for build quality. An excellent gift for watch lovers and collectors.",Watch Accessories,ChronoCraft,299,399,104,50,4.8,21K+,N/A,N/A,Hard Shell Plastic,N/A,N/A,Black,Unisex,Watch Accessory,False,False,Draft,REVIEW_REQUIRED,https://www.temu.com/watch-accessories-5020057090386-s.html,Temu / Generic OEM Supplier,#8 Best-Selling Watch Accessories. 21K+ sold. Strong upsell product with watch purchases.
ChronoCraft 8-Slot Watch Display Box,CC-ACC-003,"A premium 8-slot watch display and storage box with foam cushion inserts and carry handle. Large capacity to organize a full watch collection. The elegant black exterior and soft interior make it suitable as a display piece or travel companion. Quality-checked for durable construction. An excellent gift for dedicated watch collectors.",Watch Accessories,ChronoCraft,649,799,222,25,4.8,11K+,N/A,N/A,Hard Shell Plastic,N/A,N/A,Black,Unisex,Watch Accessory,True,False,Draft,REVIEW_REQUIRED,https://www.temu.com/watch-accessories-5020057090386-s.html,Temu / Generic OEM Supplier,Best-Selling. 11K+ sold. Premium 8-slot capacity. Good for serious collectors.
ChronoCraft Silicone Sport Strap 20/22mm,CC-ACC-004,"A soft and durable silicone replacement strap compatible with Samsung Galaxy Watch 4/5/6/7, Garmin, Huawei, Amazfit, and most 20mm/22mm smartwatches. Lightweight, sweat-resistant, and comfortable for all-day active wear. Quality-checked for secure fit and longevity. An essential accessory for smartwatch owners who want a fresh sporty look.",Watch Accessories,ChronoCraft,99,149,18,100,4.8,92K+,N/A,20mm/22mm,N/A,Silicone,N/A,Assorted Colors,Unisex,Watch Accessory,True,False,Draft,REVIEW_REQUIRED,https://www.temu.com/watch-accessories-5020057090386-s.html,Temu / Generic OEM Supplier,Best-Selling. 92K+ sold. Very high volume low-cost accessory. Great smartwatch upsell.
ChronoCraft Leather Smart Watch Strap 22mm,CC-ACC-005,"A premium synthetic leather replacement strap compatible with Samsung Galaxy Watch 6/5/4, Huawei GT series, Xiaomi, and most 20/22mm smartwatches. The magnetic buckle provides a secure and stylish fit for business and casual settings. Quality-checked for comfortable daily wear. Transform your smartwatch with a refined leather look.",Watch Accessories,ChronoCraft,119,169,27,100,4.8,48K+,N/A,20mm/22mm,N/A,Synthetic Leather,N/A,Brown/Black,Unisex,Watch Accessory,False,False,Draft,REVIEW_REQUIRED,https://www.temu.com/watch-accessories-5020057090386-s.html,Temu / Generic OEM Supplier,Best-Selling. 48K+ sold. Magnetic buckle feature. Good cross-sell with smartwatches.
ChronoCraft 6-Slot Luxury Watch Box,CC-ACC-006,"An elegantly crafted 6-slot watch display box with synthetic faux leather lining and anti-shock padding. The rectangular design with portable handle accommodates large and small watches securely. Quality-checked for durable construction and refined finish. An ideal display case for home and travel — and a meaningful gift for watch enthusiasts.",Watch Accessories,ChronoCraft,499,649,159,30,4.6,2K+,N/A,N/A,Faux Leather / Plastic,N/A,N/A,Black/Brown,Unisex,Watch Accessory,False,False,Draft,REVIEW_REQUIRED,https://www.temu.com/watch-accessories-5020057090386-s.html,Temu / Generic OEM Supplier,Luxury faux leather finish. 2K+ sold. Premium storage box for higher-end positioning.
ChronoCraft Watch Gift Presentation Box,CC-ACC-007,"A quality flannel watch packaging gift box with soft cushioned interior, designed to present any watch beautifully. The refined presentation makes it perfect for gifting occasions — Eid, birthdays, and special celebrations. Compatible with most standard watch sizes. Quality-checked for consistent construction. Elevate any watch gift with elegant packaging.",Watch Accessories,ChronoCraft,199,269,50,60,4.8,1.7K+,N/A,N/A,Flannel / Cardboard,N/A,N/A,Black,Unisex,Watch Accessory,False,False,Draft,REVIEW_REQUIRED,https://www.temu.com/watch-accessories-5020057090386-s.html,Temu / Generic OEM Supplier,4.8 stars gift box. Good bundle-sell with watches. Very low cost.
